"Município","ibge","latitude","longitude","/Educação/Educação Superior Presencial/Concluintes/Gênero/Feminino 2010 (-)","/Educação/Educação Superior Presencial/Concluintes/Gênero/Feminino 2011 (-)","/Educação/Educação Superior Presencial/Concluintes/Gênero/Feminino 2012 (-)","/Educação/Educação Superior Presencial/Concluintes/Gênero/Feminino 2013 (-)","/Educação/Educação Superior Presencial/Concluintes/Gênero/Feminino 2014 (-)","/Educação/Educação Superior Presencial/Concluintes/Gênero/Feminino 2015 (-)","/Educação/Educação Superior Presencial/Concluintes/Gênero/Feminino 2016 (-)","/Educação/Educação Superior Presencial/Concluintes/Gênero/Feminino 2017 (-)","/Educação/Educação Superior Presencial/Concluintes/Gênero/Feminino 2018 (-)","/Educação/Educação Superior Presencial/Concluintes/Gênero/Feminino 2019 (-)","/Educação/Educação Superior Presencial/Concluintes/Gênero/Feminino 2020 (-)"
"Aceguá","4300034","-31.86075999999","-54.16705999999","...","...","...","...","...","...","...","...","...","...","..."
"Água Santa","4300059","-28.16720000000","-52.03099999999","...","...","...","...","...","...","...","...","...","...","..."
"Agudo","4300109","-29.6447","-53.2515","...","...","...","...","...","...","...","...","...","...","..."
"Ajuricaba","4300208","-28.23420000000","-53.77570000000","...","...","...","...","...","...","...","...","...","...","..."
"Alecrim","4300307","-27.65790000000","-54.76489999999","...","...","...","...","...","...","...","...","...","...","..."
"Alegrete","4300406","-29.79019999999","-55.79489999999","106","195","149","82","108","106","118","177","195","153","145"
"Alegria","4300455","-27.83449999999","-54.05570000000","...","...","...","...","...","...","...","...","...","...","..."
"Almirante Tamandaré do Sul","4300471","-28.10859999999","-52.91190000000","...","...","...","...","...","...","...","...","...","...","..."
"Alpestre","4300505","-27.2502","-53.03410000000","...","...","...","...","...","...","...","...","...","...","..."
"Alto Alegre","4300554","-28.77690000000","-52.98919999999","...","...","...","...","...","...","...","...","...","...","..."
"Alto Feliz","4300570","-29.3919","-51.3123","...","...","...","...","...","...","...","...","...","...","..."
"Alvorada","4300604","-29.99139999999","-51.0809","15","19","33","18","30","18","19","12","10","13","5"
"Amaral Ferrador","4300638","-30.87559999999","-52.25099999999","...","...","...","...","...","...","...","...","...","...","..."
"Ametista do Sul","4300646","-27.36070000000","-53.183","...","...","...","...","...","...","...","...","...","...","..."
"André da Rocha","4300661","-28.62829999999","-51.57970000000","...","...","...","...","...","...","...","...","...","...","..."
"Anta Gorda","4300703","-28.96979999999","-52.01019999999","...","...","...","...","...","...","...","...","...","...","..."
"Antônio Prado","4300802","-28.8565","-51.2883","...","...","...","...","...","...","...","...","...","...","..."
"Arambaré","4300851","-30.90930000000","-51.50460000000","...","...","...","...","...","...","...","...","...","...","..."
"Araricá","4300877","-29.61680000000","-50.92909999999","...","...","...","...","...","...","...","...","...","...","..."
"Aratiba","4300901","-27.3978","-52.29749999999","...","...","...","...","...","...","...","...","...","...","..."
"Arroio do Meio","4301008","-29.40139999999","-51.9557","...","...","...","...","...","...","...","...","...","...","..."
"Arroio do Padre","4301073","-31.4316","-52.41709999999","...","...","...","...","...","...","...","...","...","...","..."
"Arroio do Sal","4301057","-29.54390000000","-49.88949999999","...","...","...","...","...","...","...","...","...","...","..."
"Arroio do Tigre","4301206","-29.33480000000","-53.09660000000","...","...","...","...","...","...","...","...","...","...","..."
"Arroio dos Ratos","4301107","-30.08750000000","-51.72749999999","...","...","...","...","...","...","...","...","...","...","..."
"Arroio Grande","4301305","-32.23270000000","-53.08619999999","...","...","...","...","...","...","...","...","...","...","..."
"Arvorezinha","4301404","-28.87369999999","-52.17810000000","...","...","...","...","...","...","...","...","...","...","..."
"Augusto Pestana","4301503","-28.51729999999","-53.98830000000","...","...","...","...","...","...","...","...","...","...","..."
"Áurea","4301552","-27.6936","-52.0505","...","...","...","...","...","...","...","...","...","...","..."
"Bagé","4301602","-31.32969999999","-54.09989999999","332","417","334","230","278","129","291","405","446","407","424"
"Balneário Pinhal","4301636","-30.24190000000","-50.23360000000","...","...","...","...","...","...","...","...","...","...","..."
"Barão","4301651","-29.37250000000","-51.49490000000","...","...","...","...","...","...","...","...","...","...","..."
"Barão de Cotegipe","4301701","-27.62079999999","-52.37980000000","...","...","...","...","...","...","...","...","...","...","..."
"Barão do Triunfo","4301750","-30.38909999999","-51.73839999999","...","...","...","...","...","...","...","...","...","...","..."
"Barra do Guarita","4301859","-27.19269999999","-53.71090000000","...","...","...","...","...","...","...","...","...","...","..."
"Barra do Quaraí","4301875","-30.2029","-57.54970000000","...","...","...","...","...","...","...","...","...","...","..."
"Barra do Ribeiro","4301909","-30.29390000000","-51.30140000000","...","...","...","...","...","...","...","...","...","...","..."
"Barra do Rio Azul","4301925","-27.4068","-52.4084","...","...","...","...","...","...","...","...","...","...","..."
"Barra Funda","4301958","-27.92050000000","-53.03909999999","...","...","...","...","...","...","...","...","...","...","..."
"Barracão","4301800","-27.6739","-51.45859999999","...","...","...","...","...","...","...","...","...","...","..."
"Barros Cassal","4302006","-29.0947","-52.58359999999","...","...","...","...","...","...","...","...","...","...","..."
"Benjamin Constant do Sul","4302055","-27.50860000000","-52.59949999999","...","...","...","...","...","...","...","...","...","...","..."
"Bento Gonçalves","4302105","-29.1662","-51.51650000000","507","440","504","630","491","482","640","547","498","421","395"
"Boa Vista das Missões","4302154","-27.66710000000","-53.31020000000","...","...","...","...","...","...","...","...","...","...","..."
"Boa Vista do Buricá","4302204","-27.6693","-54.10819999999","...","...","...","...","...","...","...","...","...","...","..."
"Boa Vista do Cadeado","4302220","-28.5716","-53.81380000000","...","...","...","...","...","...","...","...","...","...","..."
"Boa Vista do Incra","4302238","-28.80920000000","-53.3874","...","...","...","...","...","...","...","...","...","...","..."
"Boa Vista do Sul","4302253","-29.35439999999","-51.66870000000","...","...","...","...","...","...","...","...","...","...","..."
"Bom Jesus","4302303","-28.66969999999","-50.42949999999","...","...","...","...","...","...","...","...","...","...","..."
"Bom Princípio","4302352","-29.48560000000","-51.35479999999","...","...","...","...","...","...","...","...","...","...","..."
"Bom Progresso","4302378","-27.53989999999","-53.87160000000","...","...","...","...","...","...","...","...","...","...","..."
"Bom Retiro do Sul","4302402","-29.60859999999","-51.94639999999","...","...","...","...","...","...","...","...","...","...","..."
"Boqueirão do Leão","4302451","-29.30460000000","-52.42840000000","...","...","...","...","...","...","...","...","...","...","..."
"Bossoroca","4302501","-28.72909999999","-54.90350000000","...","...","...","...","...","...","...","...","...","...","..."
"Bozano","4302584","-28.36746000000","-53.77223999999","...","...","...","...","...","...","...","...","...","...","..."
"Braga","4302600","-27.6173","-53.74049999999","...","...","...","...","...","...","...","...","...","...","..."
"Brochier","4302659","-29.5501","-51.59449999999","...","...","...","...","...","...","...","...","...","...","..."
"Butiá","4302709","-30.11789999999","-51.96009999999","...","...","...","...","...","...","...","...","...","...","..."
"Caçapava do Sul","4302808","-30.51439999999","-53.48270000000","84","35","21","14","43","19","34","26","30","28","18"
"Cacequi","4302907","-29.88830000000","-54.82200000000","...","...","...","...","...","...","...","...","...","...","..."
"Cachoeira do Sul","4303004","-30.03300000000","-52.89280000000","113","182","129","138","100","103","77","105","160","229","210"
"Cachoeirinha","4303103","-29.94719999999","-51.10159999999","63","164","51","124","221","196","173","233","302","231","198"
"Cacique Doble","4303202","-27.76699999999","-51.65970000000","...","...","...","...","...","...","...","...","...","...","..."
"Caibaté","4303301","-28.29050000000","-54.64540000000","...","...","...","...","...","...","...","...","...","...","..."
"Caiçara","4303400","-27.2791","-53.42569999999","...","...","...","...","...","...","...","...","...","...","..."
"Camaquã","4303509","-30.8489","-51.80429999999","31","16","12","10","14","23","26","17","25","8","6"
"Camargo","4303558","-28.58800000000","-52.20029999999","...","...","...","...","...","...","...","...","...","...","..."
"Cambará do Sul","4303608","-29.0474","-50.14650000000","...","...","...","...","...","...","...","...","...","...","..."
"Campestre da Serra","4303673","-28.7926","-51.09409999999","...","...","...","...","...","...","...","...","...","...","..."
"Campina das Missões","4303707","-27.98880000000","-54.84170000000","...","...","...","...","...","...","...","...","...","...","..."
"Campinas do Sul","4303806","-27.71740000000","-52.6248","...","...","...","...","...","...","...","...","...","...","..."
"Campo Bom","4303905","-29.67470000000","-51.06060000000","...","...","...","...","...","...","...","...","0","0","0"
"Campo Novo","4304002","-27.67920000000","-53.80519999999","...","...","...","...","...","...","...","...","...","...","..."
"Campos Borges","4304101","-28.8871","-53.00079999999","...","...","...","...","...","...","...","...","...","...","..."
"Candelária","4304200","-29.66839999999","-52.78949999999","...","...","...","...","...","...","...","...","...","...","..."
"Cândido Godói","4304309","-27.95149999999","-54.7517","...","...","...","...","...","...","...","...","...","...","..."
"Candiota","4304358","-31.55150000000","-53.67730000000","...","...","...","...","...","...","...","...","...","...","..."
"Canela","4304408","-29.35600000000","-50.81190000000","87","129","94","90","79","69","78","35","73","64","45"
"Canguçu","4304507","-31.39600000000","-52.67819999999","...","...","...","...","...","...","...","...","...","...","..."
"Canoas","4304606","-29.91280000000","-51.18569999999","2.045","2.448","1.685","1.577","1.470","1.569","1.469","1.420","1.608","1.618","1.765"
"Canudos do Vale","4304614","-29.3187","-52.23449999999","...","...","...","...","...","...","...","...","...","...","..."
"Capão Bonito do Sul","4304622","-29.76419999999","-50.02819999999","...","...","...","...","...","...","...","...","...","...","..."
"Capão da Canoa","4304630","-29.63970000000","-49.95989999999","38","22","42","29","31","42","22","41","33","30","29"
"Capão do Cipó","4304655","-28.904","-54.70000000000","...","...","...","...","...","...","...","...","...","...","..."
"Capão do Leão","4304663","-31.75649999999","-52.48890000000","172","177","167","190","184","232","199","214","302","235","153"
"Capela de Santana","4304689","-29.69610000000","-51.32800000000","...","...","...","...","...","...","...","...","...","...","..."
"Capitão","4304697","-29.26739999999","-51.98530000000","...","...","...","...","...","...","...","...","...","...","..."
"Capivari do Sul","4304671","-30.13820000000","-50.51509999999","...","...","...","...","...","...","...","...","...","...","..."
"Caraá","4304713","-29.78689999999","-50.43160000000","...","...","...","...","...","...","...","...","...","...","..."
"Carazinho","4304705","-28.2958","-52.79330000000","271","347","313","276","251","221","217","193","265","266","269"
"Carlos Barbosa","4304804","-29.29690000000","-51.50289999999","...","...","...","...","...","...","...","...","...","...","..."
"Carlos Gomes","4304853","-27.71669999999","-51.91210000000","...","...","...","...","...","...","...","...","...","...","..."
"Casca","4304903","-28.56050000000","-51.98149999999","113","88","83","74","99","84","79","96","83","73","70"
"Caseiros","4304952","-28.25819999999","-51.68610000000","...","...","...","...","...","...","...","...","...","...","..."
"Catuípe","4305009","-28.25540000000","-54.01319999999","...","...","...","...","...","...","...","...","...","...","..."
"Caxias do Sul","4305108","-29.1629","-51.17920000000","1.643","1.967","1.790","2.178","2.178","2.629","2.264","2.169","2.037","2.497","2.114"
"Centenário","4305116","-27.76160000000","-51.99839999999","...","...","...","...","...","...","...","...","...","...","..."
"Cerrito","4305124","-31.84189999999","-52.80040000000","...","...","...","...","...","...","...","...","...","...","..."
"Cerro Branco","4305132","-29.657","-52.94060000000","...","...","...","...","...","...","...","...","...","...","..."
"Cerro Grande","4305157","-27.61060000000","-53.16720000000","...","...","...","...","...","...","...","...","...","...","..."
"Cerro Grande do Sul","4305173","-30.59049999999","-51.74179999999","...","...","...","...","...","...","...","...","...","...","..."
"Cerro Largo","4305207","-28.1462","-54.74280000000","0","0","17","10","59","94","107","138","127","125","106"
"Chapada","4305306","-28.05590000000","-53.06649999999","...","...","...","...","...","...","...","...","...","...","..."
"Charqueadas","4305355","-29.96250000000","-51.62890000000","...","0","0","0","2","2","0","4","1","2","1"
"Charrua","4305371","-27.94930000000","-52.01500000000","...","...","...","...","...","...","...","...","...","...","..."
"Chiapetta","4305405","-27.92299999999","-53.94189999999","...","...","...","...","...","...","...","...","...","...","..."
"Chuí","4305439","-33.68659999999","-53.45940000000","...","...","...","...","...","...","...","...","...","...","..."
"Chuvisca","4305447","-30.75039999999","-51.97370000000","...","...","...","...","...","...","...","...","...","...","..."
"Cidreira","4305454","-30.16039999999","-50.23380000000","0","8","4","3","2","0","1","4","5","...","..."
"Ciríaco","4305504","-28.34189999999","-51.87409999999","...","...","...","...","...","...","...","...","...","...","..."
"Colinas","4305587","-29.38149999999","-51.85260000000","...","...","...","...","...","...","...","...","...","...","..."
"Colorado","4305603","-28.5258","-52.99280000000","...","...","...","...","...","...","...","...","...","...","..."
"Condor","4305702","-28.2075","-53.49049999999","...","...","...","...","...","...","...","...","...","...","..."
"Constantina","4305801","-27.73199999999","-52.9938","...","...","...","...","...","...","...","...","...","...","..."
"Coqueiro Baixo","4305835","-29.1722","-52.0989","...","...","...","...","...","...","...","...","...","...","..."
"Coqueiros do Sul","4305850","-28.11939999999","-52.78419999999","...","...","...","...","...","...","...","...","...","...","..."
"Coronel Barros","4305871","-28.39219999999","-54.06860000000","...","...","...","...","...","...","...","...","...","...","..."
"Coronel Bicaco","4305900","-27.7197","-53.70219999999","...","...","...","...","...","...","...","...","...","...","..."
"Coronel Pilar","4305934","-29.2684","-51.68789999999","...","...","...","...","...","...","...","...","...","...","..."
"Cotiporã","4305959","-28.98910000000","-51.69709999999","...","...","...","...","...","...","...","...","...","...","..."
"Coxilha","4305975","-28.128","-52.30230000000","...","...","...","...","...","...","...","...","...","...","..."
"Crissiumal","4306007","-27.4999","-54.09940000000","...","...","...","...","...","...","...","...","...","...","..."
"Cristal","4306056","-31.0046","-52.04359999999","...","...","...","...","...","...","...","...","...","...","..."
"Cristal do Sul","4306072","-27.45200000000","-53.24219999999","...","...","...","...","...","...","...","...","...","...","..."
"Cruz Alta","4306106","-28.645","-53.60479999999","295","222","273","190","258","205","204","332","324","347","262"
"Cruzaltense","4306130","-27.66440000000","-52.6492","...","...","...","...","...","...","...","...","...","...","..."
"Cruzeiro do Sul","4306205","-29.51480000000","-51.99280000000","...","...","...","...","...","...","...","...","...","...","..."
"David Canabarro","4306304","-28.38489999999","-51.84819999999","...","...","...","...","...","...","...","...","...","...","..."
"Derrubadas","4306320","-27.26419999999","-53.8645","...","...","...","...","...","...","...","...","...","...","..."
"Dezesseis de Novembro","4306353","-28.21900000000","-55.06170000000","...","...","...","...","...","...","...","...","...","...","..."
"Dilermando de Aguiar","4306379","-29.70540000000","-54.21220000000","...","...","...","...","...","...","...","...","...","...","..."
"Dois Irmãos","4306403","-29.58360000000","-51.08979999999","...","...","...","...","...","...","...","...","...","...","..."
"Dois Irmãos das Missões","4306429","-27.66209999999","-53.5304","...","...","...","...","...","...","...","...","...","...","..."
"Dois Lajeados","4306452","-28.98300000000","-51.83959999999","...","...","...","...","...","...","...","...","...","...","..."
"Dom Feliciano","4306502","-30.70039999999","-52.10260000000","...","...","...","...","...","...","...","...","...","...","..."
"Dom Pedrito","4306601","-30.9756","-54.66940000000","22","61","42","42","51","19","58","49","68","76","46"
"Dom Pedro de Alcântara","4306551","-29.36390000000","-49.85300000000","...","...","...","...","...","...","...","...","...","...","..."
"Dona Francisca","4306700","-29.61949999999","-53.36169999999","...","...","...","...","...","...","...","...","...","...","..."
"Doutor Maurício Cardoso","4306734","-27.51030000000","-54.35779999999","...","...","...","...","...","...","...","...","...","...","..."
"Doutor Ricardo","4306759","-29.084","-51.99710000000","...","...","...","...","...","...","...","...","...","...","..."
"Eldorado do Sul","4306767","-30.08470000000","-51.61869999999","...","0","0","2","1","2","1","4","3","0","0"
"Encantado","4306809","-29.23509999999","-51.8703","7","2","9","12","6","3","8","15","14","5","3"
"Encruzilhada do Sul","4306908","-30.54299999999","-52.52040000000","...","...","...","...","...","...","...","...","...","...","..."
"Engenho Velho","4306924","-27.706","-52.91449999999","...","...","...","...","...","...","...","...","...","...","..."
"Entre Rios do Sul","4306957","-27.52980000000","-52.73469999999","...","...","...","...","...","...","...","...","...","...","..."
"Entre-ijuís","4306932","-28.36860000000","-54.26859999999","...","...","...","...","...","...","...","...","...","...","..."
"Erebango","4306973","-27.85439999999","-52.3005","...","...","...","...","...","...","...","...","...","...","..."
"Erechim","4307005","-27.63639999999","-52.2697","510","76","813","79","1.020","595","586","598","570","521","457"
"Ernestina","4307054","-28.49769999999","-52.58359999999","...","...","...","...","...","...","...","...","...","...","..."
"Erval Grande","4307203","-27.39260000000","-52.57399999999","...","...","...","...","...","...","...","...","...","...","..."
"Erval Seco","4307302","-27.5443","-53.50050000000","...","...","...","...","...","...","...","...","...","...","..."
"Esmeralda","4307401","-28.0518","-51.19330000000","...","...","...","...","...","...","...","...","...","...","..."
"Esperança do Sul","4307450","-27.36029999999","-53.98910000000","...","...","...","...","...","...","...","...","...","...","..."
"Espumoso","4307500","-28.7286","-52.8461","...","...","...","...","...","...","...","...","...","...","..."
"Estação","4307559","-27.91349999999","-52.26350000000","...","...","...","...","...","...","...","...","...","...","..."
"Estância Velha","4307609","-29.65350000000","-51.1843","...","...","...","...","...","...","...","...","...","...","..."
"Esteio","4307708","-29.852","-51.18410000000","...","...","...","...","...","...","...","...","...","...","..."
"Estrela","4307807","-29.5016","-51.96050000000","0","0","0","1","7","17","10","27","23","7","22"
"Estrela Velha","4307815","-29.17129999999","-53.16389999999","...","...","...","...","...","...","...","...","...","...","..."
"Eugênio de Castro","4307831","-28.53150000000","-54.15059999999","...","...","...","...","...","...","...","...","...","...","..."
"Fagundes Varela","4307864","-28.8794","-51.7014","...","...","...","...","...","...","...","...","...","...","..."
"Farroupilha","4307906","-29.2227","-51.34190000000","77","52","133","127","111","170","145","129","116","86","67"
"Faxinal do Soturno","4308003","-29.57880000000","-53.44839999999","...","...","...","...","...","...","...","...","...","...","..."
"Faxinalzinho","4308052","-27.4238","-52.67889999999","...","...","...","...","...","...","...","...","...","...","..."
"Fazenda Vilanova","4308078","-29.5885","-51.8217","...","...","...","...","...","...","...","...","...","...","..."
"Feliz","4308102","-29.4527","-51.30319999999","...","0","0","10","14","5","18","11","34","19","13"
"Flores da Cunha","4308201","-29.02619999999","-51.1875","...","...","...","...","...","...","...","...","...","...","..."
"Floriano Peixoto","4308250","-27.8614","-52.08379999999","...","...","...","...","...","...","...","...","...","...","..."
"Fontoura Xavier","4308300","-28.9816","-52.34449999999","...","...","...","...","...","...","...","...","...","...","..."
"Formigueiro","4308409","-30.00349999999","-53.49589999999","...","...","...","...","...","...","...","...","...","...","..."
"Forquetinha","4308433","-29.37920000000","-52.09170000000","...","...","...","...","...","...","...","...","...","...","..."
"Fortaleza dos Valos","4308458","-28.7986","-53.22489999999","...","...","...","...","...","...","...","...","...","...","..."
"Frederico Westphalen","4308508","-27.35859999999","-53.39580000000","366","331","268","304","346","477","382","441","442","426","352"
"Garibaldi","4308607","-29.259","-51.53520000000","22","12","23","55","57","60","65","58","47","40","28"
"Garruchos","4308656","-28.19440000000","-55.63830000000","...","...","...","...","...","...","...","...","...","...","..."
"Gaurama","4308706","-27.58559999999","-52.09150000000","...","...","...","...","...","...","...","...","...","...","..."
"General Câmara","4308805","-29.90319999999","-51.76120000000","...","...","...","...","...","...","...","...","...","...","..."
"Gentil","4308854","-28.4316","-52.03370000000","...","...","...","...","...","...","...","...","...","...","..."
"Getúlio Vargas","4308904","-27.89110000000","-52.22939999999","94","33","89","80","85","74","85","98","134","128","190"
"Giruá","4309001","-28.02969999999","-54.35170000000","...","...","...","...","...","...","...","...","...","...","..."
"Glorinha","4309050","-29.87979999999","-50.77340000000","...","...","...","...","...","...","...","...","...","...","..."
"Gramado","4309100","-29.3733","-50.87619999999","...","...","...","...","...","...","...","...","...","...","..."
"Gramado dos Loureiros","4309126","-27.44290000000","-52.91490000000","...","...","...","...","...","...","...","...","...","...","..."
"Gramado Xavier","4309159","-29.27060000000","-52.57950000000","...","...","...","...","...","...","...","...","...","...","..."
"Gravataí","4309209","-29.94129999999","-50.98689999999","376","691","404","401","357","401","317","285","286","259","267"
"Guabiju","4309258","-28.54210000000","-51.69480000000","...","...","...","...","...","...","...","...","...","...","..."
"Guaíba","4309308","-30.10859999999","-51.32330000000","101","150","117","98","83","103","89","89","113","149","159"
"Guaporé","4309407","-28.8399","-51.88949999999","35","12","26","28","19","29","35","25","13","25","13"
"Guarani das Missões","4309506","-28.14910000000","-54.56289999999","...","...","...","...","...","...","...","...","...","...","..."
"Harmonia","4309555","-29.5456","-51.41850000000","...","...","...","...","...","...","...","...","...","...","..."
"Herval","4307104","-32.02400000000","-53.39439999999","...","...","...","...","...","...","...","...","...","...","..."
"Herveiras","4309571","-29.45520000000","-52.65529999999","...","...","...","...","...","...","...","...","...","...","..."
"Horizontina","4309605","-27.6282","-54.30530000000","9","7","12","14","11","15","10","16","19","18","22"
"Hulha Negra","4309654","-31.40670000000","-53.86670000000","...","...","...","...","...","...","...","...","...","...","..."
"Humaitá","4309704","-27.56909999999","-53.96949999999","...","...","...","...","...","...","...","...","...","...","..."
"Ibarama","4309753","-29.42030000000","-53.1295","...","...","...","...","...","...","...","...","...","...","..."
"Ibiaçá","4309803","-28.0566","-51.85990000000","...","...","...","...","...","...","...","...","...","...","..."
"Ibiraiaras","4309902","-28.37409999999","-51.63770000000","...","...","...","...","...","...","...","...","...","...","..."
"Ibirapuitã","4309951","-28.62470000000","-52.51579999999","...","...","...","...","...","...","...","...","...","...","..."
"Ibirubá","4310009","-28.63019999999","-53.0961","11","2","0","0","2","6","10","3","12","13","7"
"Igrejinha","4310108","-29.56929999999","-50.79189999999","...","...","...","0","0","8","3","4","6","0","..."
"Ijuí","4310207","-28.38810000000","-53.92000000000","561","401","400","451","455","467","461","396","425","447","430"
"Ilópolis","4310306","-28.9282","-52.12579999999","...","...","...","...","...","...","...","...","...","...","..."
"Imbé","4310330","-29.97530000000","-50.12810000000","12","12","11","6","6","11","10","4","7","8","1"
"Imigrante","4310363","-29.3508","-51.77470000000","...","...","...","...","...","...","...","...","...","...","..."
"Independência","4310405","-27.8354","-54.18860000000","...","...","...","...","...","...","...","...","...","...","..."
"Inhacorá","4310413","-27.8752","-54.01500000000","...","...","...","...","...","...","...","...","...","...","..."
"Ipê","4310439","-28.8171","-51.28589999999","...","...","...","...","...","...","...","...","...","...","..."
"Ipiranga do Sul","4310462","-27.9404","-52.42710000000","...","...","...","...","...","...","...","...","...","...","..."
"Iraí","4310504","-27.1951","-53.25430000000","...","...","...","...","...","...","...","...","...","...","..."
"Itaara","4310538","-29.60129999999","-53.77250000000","...","...","...","...","...","...","...","...","...","...","..."
"Itacurubi","4310553","-28.7913","-55.24470000000","...","...","...","...","...","...","...","...","...","...","..."
"Itapuca","4310579","-28.77680000000","-52.1693","...","...","...","...","...","...","...","...","...","...","..."
"Itaqui","4310603","-29.131","-56.55149999999","20","35","24","31","49","40","45","63","59","56","28"
"Itati","4310652","-29.48832000000","-50.11357999999","...","...","...","...","...","...","...","...","...","...","..."
"Itatiba do Sul","4310702","-27.38459999999","-52.45380000000","...","...","...","...","...","...","...","...","...","...","..."
"Ivorá","4310751","-29.52319999999","-53.58420000000","...","...","...","...","...","...","...","...","...","...","..."
"Ivoti","4310801","-29.59949999999","-51.15330000000","9","6","7","26","12","21","31","25","25","40","26"
"Jaboticaba","4310850","-27.63469999999","-53.27620000000","...","...","...","...","...","...","...","...","...","...","..."
"Jacuizinho","4310876","-29.02199999999","-53.05369999999","...","...","...","...","...","...","...","...","...","...","..."
"Jacutinga","4310900","-27.72909999999","-52.53719999999","...","...","...","...","...","...","...","...","...","...","..."
"Jaguarão","4311007","-32.56040000000","-53.37700000000","95","37","52","43","55","80","55","74","45","41","27"
"Jaguari","4311106","-29.49360000000","-54.70300000000","...","...","...","...","0","0","0","34","44","15","0"
"Jaquirana","4311122","-28.8811","-50.36370000000","...","...","...","...","...","...","...","...","...","...","..."
"Jari","4311130","-29.29220000000","-54.22370000000","...","...","...","...","...","...","...","...","...","...","..."
"Jóia","4311155","-28.6435","-54.11410000000","...","...","...","...","...","...","...","...","...","...","..."
"Júlio de Castilhos","4311205","-29.22980000000","-53.67719999999","0","0","11","19","26","14","26","25","79","43","45"
"Lagoa Bonita do Sul","4311239","-29.48819999999","-53.01380000000","...","...","...","...","...","...","...","...","...","...","..."
"Lagoa dos Três Cantos","4311270","-28.56759999999","-52.86180000000","...","...","...","...","...","...","...","...","...","...","..."
"Lagoa Vermelha","4311304","-28.20929999999","-51.52479999999","60","42","53","67","62","65","45","49","49","35","43"
"Lagoão","4311254","-29.2348","-52.79970000000","...","...","...","...","...","...","...","...","...","...","..."
"Lajeado","4311403","-29.45909999999","-51.96439999999","438","356","493","515","625","807","598","615","635","564","514"
"Lajeado do Bugre","4311429","-27.69129999999","-53.18180000000","...","...","...","...","...","...","...","...","...","...","..."
"Lavras do Sul","4311502","-30.80709999999","-53.89309999999","...","...","...","...","...","...","...","...","...","...","..."
"Liberato Salzano","4311601","-27.60099999999","-53.07529999999","...","...","...","...","...","...","...","...","...","...","..."
"Lindolfo Collor","4311627","-29.58589999999","-51.21410000000","...","...","...","...","...","...","...","...","...","...","..."
"Linha Nova","4311643","-29.4679","-51.20029999999","...","...","...","...","...","...","...","...","...","...","..."
"Maçambará","4311718","-29.14450000000","-56.06739999999","...","...","...","...","...","...","...","...","...","...","..."
"Machadinho","4311700","-27.56670000000","-51.66680000000","...","...","...","...","...","...","...","...","...","...","..."
"Mampituba","4311734","-29.2136","-49.93110000000","...","...","...","...","...","...","...","...","...","...","..."
"Manoel Viana","4311759","-29.58589999999","-55.48409999999","...","...","...","...","...","...","...","...","...","...","..."
"Maquiné","4311775","-29.6798","-50.20790000000","...","...","...","...","...","...","...","...","...","...","..."
"Maratá","4311791","-29.5457","-51.55729999999","...","...","...","...","...","...","...","...","...","...","..."
"Marau","4311809","-28.4498","-52.19859999999","40","49","52","88","52","56","31","28","43","35","7"
"Marcelino Ramos","4311908","-27.46760000000","-51.90950000000","...","...","...","...","...","...","...","...","...","...","..."
"Mariana Pimentel","4311981","-30.35310000000","-51.58030000000","...","...","...","...","...","...","...","...","...","...","..."
"Mariano Moro","4312005","-27.3568","-52.14670000000","...","...","...","...","...","...","...","...","...","...","..."
"Marques de Souza","4312054","-29.33109999999","-52.09729999999","...","...","...","...","...","...","...","...","...","...","..."
"Mata","4312104","-29.56490000000","-54.46410000000","...","...","...","...","...","...","...","...","...","...","..."
"Mato Castelhano","4312138","-28.28000000000","-52.19319999999","...","...","...","...","...","...","...","...","...","...","..."
"Mato Leitão","4312153","-29.52850000000","-52.12780000000","...","...","...","...","...","...","...","...","...","...","..."
"Mato Queimado","4312179","-28.24750000000","-54.61919999999","...","...","...","...","...","...","...","...","...","...","..."
"Maximiliano de Almeida","4312203","-27.6325","-51.80210000000","...","...","...","...","...","...","...","...","...","...","..."
"Minas do Leão","4312252","-30.13459999999","-52.04229999999","...","...","...","...","...","...","...","...","...","...","..."
"Miraguaí","4312302","-27.497","-53.68910000000","...","...","...","...","...","...","...","...","...","...","..."
"Montauri","4312351","-28.6462","-52.07670000000","...","...","...","...","...","...","...","...","...","...","..."
"Monte Alegre dos Campos","4312377","-28.68049999999","-50.7834","...","...","...","...","...","...","...","...","...","...","..."
"Monte Belo do Sul","4312385","-29.16069999999","-51.63329999999","...","...","...","...","...","...","...","...","...","...","..."
"Montenegro","4312401","-29.68240000000","-51.4679","0","0","4","3","19","8","55","75","67","46","43"
"Mormaço","4312427","-28.6968","-52.6999","...","...","...","...","...","...","...","...","...","...","..."
"Morrinhos do Sul","4312443","-29.35780000000","-49.9328","...","...","...","...","...","...","...","...","...","...","..."
"Morro Redondo","4312450","-31.58869999999","-52.62610000000","...","...","...","...","...","...","...","...","...","...","..."
"Morro Reuter","4312476","-29.5379","-51.08109999999","...","...","...","...","...","...","...","...","...","...","..."
"Mostardas","4312500","-31.10539999999","-50.91669999999","...","...","...","...","...","...","...","...","...","...","..."
"Muçum","4312609","-29.163","-51.87140000000","...","...","...","...","...","...","...","...","...","...","..."
"Muitos Capões","4312617","-28.31319999999","-51.18359999999","...","...","...","...","...","...","...","...","...","...","..."
"Muliterno","4312625","-28.32529999999","-51.7697","...","...","...","...","...","...","...","...","...","...","..."
"Não-Me-Toque","4312658","-28.45479999999","-52.81819999999","...","...","...","...","...","...","...","...","...","...","..."
"Nicolau Vergueiro","4312674","-28.52980000000","-52.46759999999","...","...","...","...","...","...","...","...","...","...","..."
"Nonoai","4312708","-27.3689","-52.77559999999","...","...","...","...","...","...","...","...","...","...","..."
"Nova Alvorada","4312757","-28.68220000000","-52.1631","...","...","...","...","...","...","...","...","...","...","..."
"Nova Araçá","4312807","-28.65370000000","-51.74580000000","...","...","...","...","...","...","...","...","...","...","..."
"Nova Bassano","4312906","-28.72909999999","-51.7072","...","...","...","...","...","...","...","...","...","...","..."
"Nova Boa Vista","4312955","-27.99259999999","-52.97840000000","...","...","...","...","...","...","...","...","...","...","..."
"Nova Bréscia","4313003","-29.2182","-52.0319","...","...","...","...","...","...","...","...","...","...","..."
"Nova Candelária","4313011","-27.61370000000","-54.10739999999","...","...","...","...","...","...","...","...","...","...","..."
"Nova Esperança do Sul","4313037","-29.40660000000","-54.82930000000","...","...","...","...","...","...","...","...","...","...","..."
"Nova Hartz","4313060","-29.5807","-50.90509999999","...","...","...","...","...","...","...","...","...","...","..."
"Nova Pádua","4313086","-29.0275","-51.30980000000","...","...","...","...","...","...","...","...","...","...","..."
"Nova Palma","4313102","-29.471","-53.46889999999","...","...","...","...","...","...","...","...","...","...","..."
"Nova Petrópolis","4313201","-29.37409999999","-51.11350000000","15","14","26","10","14","26","13","9","13","14","2"
"Nova Prata","4313300","-28.77990000000","-51.6113","33","43","58","45","70","45","64","62","44","55","47"
"Nova Ramada","4313334","-28.06670000000","-53.69919999999","...","...","...","...","...","...","...","...","...","...","..."
"Nova Roma do Sul","4313359","-28.98819999999","-51.40950000000","...","...","...","...","...","...","...","...","...","...","..."
"Nova Santa Rita","4313375","-29.85249999999","-51.28370000000","...","...","...","...","...","...","...","...","...","...","..."
"Novo Barreiro","4313490","-27.90769999999","-53.11030000000","...","...","...","...","...","...","...","...","...","...","..."
"Novo Cabrais","4313391","-29.73379999999","-52.94890000000","...","...","...","...","...","0","12","7","3","...","..."
"Novo Hamburgo","4313409","-29.6876","-51.13280000000","1.097","924","1.062","917","1.044","1.142","1.309","1.259","1.231","1.183","891"
"Novo Machado","4313425","-27.57649999999","-54.50359999999","...","...","...","...","...","...","...","...","...","...","..."
"Novo Tiradentes","4313441","-27.56490000000","-53.18370000000","...","...","...","...","...","...","...","...","...","...","..."
"Novo Xingu","4313466","-27.74309999999","-53.06159999999","...","...","...","...","...","...","...","...","...","...","..."
"Osório","4313508","-29.88810000000","-50.2667","269","169","205","254","241","225","235","327","699","294","175"
"Paim Filho","4313607","-27.7075","-51.76299999999","...","...","...","...","...","...","...","...","...","...","..."
"Palmares do Sul","4313656","-30.25349999999","-50.51030000000","...","...","...","...","...","...","...","...","...","...","..."
"Palmeira das Missões","4313706","-27.90060000000","-53.31340000000","130","132","120","133","121","168","188","141","121","131","106"
"Palmitinho","4313805","-27.3596","-53.558","...","...","...","...","...","...","...","...","...","...","..."
"Panambi","4313904","-28.28330000000","-53.50229999999","18","17","9","12","25","34","20","30","34","29","33"
"Pantano Grande","4313953","-30.19010000000","-52.37290000000","...","...","...","...","...","...","...","...","...","...","..."
"Paraí","4314001","-28.59639999999","-51.7896","...","...","...","...","...","...","...","...","...","...","..."
"Paraíso do Sul","4314027","-29.67170000000","-53.14399999999","...","...","...","...","...","...","...","...","...","...","..."
"Pareci Novo","4314035","-29.63650000000","-51.39739999999","...","...","...","...","...","...","...","...","...","...","..."
"Parobé","4314050","-29.62430000000","-50.83120000000","...","...","...","...","...","...","...","...","...","...","..."
"Passa Sete","4314068","-29.45769999999","-52.95989999999","...","...","...","...","...","...","...","...","...","...","..."
"Passo do Sobrado","4314076","-29.74800000000","-52.27479999999","...","...","...","...","...","...","...","...","...","...","..."
"Passo Fundo","4314100","-28.2576","-52.40910000000","1.536","1.655","1.706","1.665","1.736","1.612","1.779","1.755","1.738","1.718","1.704"
"Paulo Bento","4314134","-27.69780000000","-52.42609999999","...","...","...","...","...","...","...","...","...","...","..."
"Paverama","4314159","-29.54850000000","-51.73389999999","...","...","...","...","...","...","...","...","...","...","..."
"Pedras Altas","4314175","-31.72169999999","-53.58379999999","...","...","...","...","...","...","...","...","...","...","..."
"Pedro Osório","4314209","-31.8642","-52.81839999999","...","...","...","...","...","...","...","...","...","...","..."
"Pejuçara","4314308","-28.4283","-53.65789999999","...","...","...","...","...","...","...","...","...","...","..."
"Pelotas","4314407","-31.76490000000","-52.3371","1.583","1.723","1.564","1.539","1.437","1.819","1.722","1.950","1.961","1.795","1.493"
"Picada Café","4314423","-29.44640000000","-51.13669999999","...","...","...","...","...","...","...","...","...","...","..."
"Pinhal","4314456","-27.50799999999","-53.20819999999","...","...","...","...","...","...","...","...","...","...","..."
"Pinhal da Serra","4314464","-27.86339999999","-51.17020000000","...","...","...","...","...","...","...","...","...","...","..."
"Pinhal Grande","4314472","-29.34499999999","-53.32070000000","...","...","...","...","...","...","...","...","...","...","..."
"Pinheirinho do Vale","4314498","-27.21089999999","-53.60799999999","...","...","...","...","...","...","...","...","...","...","..."
"Pinheiro Machado","4314506","-31.5794","-53.37980000000","...","0","11","2","14","18","8","0","...","...","..."
"Pinto Bandeira","4314548","-29.10","-54.45","...","...","...","...","...","...","...","...","...","...","..."
"Pirapó","4314555","-28.04390000000","-55.20009999999","...","...","...","...","...","...","...","...","...","...","..."
"Piratini","4314605","-31.44729999999","-53.09729999999","...","...","...","...","...","...","...","...","...","...","..."
"Planalto","4314704","-27.32969999999","-53.05750000000","...","...","...","...","...","...","...","...","...","...","..."
"Poço das Antas","4314753","-29.4481","-51.67190000000","...","...","...","...","...","...","...","...","...","...","..."
"Pontão","4314779","-28.05849999999","-52.67909999999","...","...","...","...","...","...","...","...","...","...","..."
"Ponte Preta","4314787","-27.6587","-52.4848","...","...","...","...","...","...","...","...","...","...","..."
"Portão","4314803","-29.70149999999","-51.24289999999","...","...","...","...","...","...","...","...","...","...","..."
"Porto Alegre","4314902","-30.032778","-51.23000000000","6.220","5.777","5.998","6.122","6.134","6.586","6.443","6.707","7.562","7.244","5.590"
"Porto Lucena","4315008","-27.8569","-55.00999999999","...","...","...","...","...","...","...","...","...","...","..."
"Porto Mauá","4315057","-27.57959999999","-54.66570000000","...","...","...","...","...","...","...","...","...","...","..."
"Porto Vera Cruz","4315073","-27.74050000000","-54.8994","...","...","...","...","...","...","...","...","...","...","..."
"Porto Xavier","4315107","-27.90820000000","-55.13790000000","...","...","...","...","...","...","...","...","...","...","..."
"Pouso Novo","4315131","-29.1738","-52.2136","...","...","...","...","...","...","...","...","...","...","..."
"Presidente Lucena","4315149","-29.51760000000","-51.1798","...","...","...","...","...","...","...","...","...","...","..."
"Progresso","4315156","-29.24419999999","-52.31969999999","...","...","...","...","...","...","...","...","...","...","..."
"Protásio Alves","4315172","-28.75720000000","-51.47570000000","...","...","...","...","...","...","...","...","...","...","..."
"Putinga","4315206","-29.0045","-52.1569","...","...","...","...","...","...","...","...","...","...","..."
"Quaraí","4315305","-30.384","-56.44830000000","...","...","...","...","...","...","...","...","...","...","..."
"Quatro Irmãos","4315313","-27.81629999999","-52.44189999999","...","...","...","...","...","...","...","...","...","...","..."
"Quevedos","4315321","-29.3504","-54.07889999999","...","...","...","...","...","...","...","...","...","...","..."
"Quinze de Novembro","4315354","-28.74650000000","-53.10110000000","...","...","...","...","...","...","...","...","...","...","..."
"Redentora","4315404","-27.66400000000","-53.64070000000","...","...","...","...","...","...","...","...","...","...","..."
"Relvado","4315453","-29.11639999999","-52.07780000000","...","...","...","...","...","...","...","...","...","...","..."
"Restinga Sêca","4315503","-29.8188","-53.38069999999","0","11","7","0","12","8","14","11","22","57","25"
"Rio dos Índios","4315552","-27.2973","-52.84170000000","...","...","...","...","...","...","...","...","...","...","..."
"Rio Grande","4315602","-32.0349","-52.10710000000","548","878","798","805","735","838","769","897","821","741","692"
"Rio Pardo","4315701","-29.988","-52.37109999999","...","...","...","...","...","...","...","...","...","...","..."
"Riozinho","4315750","-29.63899999999","-50.44879999999","...","...","...","...","...","...","...","...","...","...","..."
"Roca Sales","4315800","-29.28839999999","-51.8658","...","...","...","...","...","...","...","...","...","...","..."
"Rodeio Bonito","4315909","-27.4742","-53.1706","...","...","...","...","...","...","...","...","...","...","..."
"Rolador","4315958","-28.25767000000","-54.81864000000","...","...","...","...","...","...","...","...","...","...","..."
"Rolante","4316006","-29.6462","-50.58189999999","...","...","...","...","...","...","...","0","0","5","0"
"Ronda Alta","4316105","-27.7758","-52.80559999999","...","...","...","...","...","...","...","...","...","...","..."
"Rondinha","4316204","-27.83149999999","-52.90809999999","...","...","...","...","...","...","...","...","...","...","..."
"Roque Gonzales","4316303","-28.1297","-55.02660000000","...","...","...","...","...","...","...","...","...","...","..."
"Rosário do Sul","4316402","-30.2515","-54.9221","...","...","...","...","...","...","...","...","...","...","..."
"Sagrada Família","4316428","-27.70850000000","-53.13510000000","...","...","...","...","...","...","...","...","...","...","..."
"Saldanha Marinho","4316436","-28.39410000000","-53.09700000000","...","...","...","...","...","...","...","...","...","...","..."
"Salto do Jacuí","4316451","-29.09509999999","-53.21329999999","...","...","...","...","...","...","...","...","...","...","..."
"Salvador das Missões","4316477","-28.1233","-54.83729999999","...","...","...","...","...","...","...","...","...","...","..."
"Salvador do Sul","4316501","-29.43860000000","-51.5077","...","...","...","...","...","...","...","...","...","...","..."
"Sananduva","4316600","-27.94699999999","-51.80789999999","0","0","1","11","1","7","0","2","4","13","0"
"Santa Bárbara do Sul","4316709","-28.36530000000","-53.25099999999","...","...","...","...","...","...","...","...","...","...","..."
"Santa Cecília do Sul","4316733","-28.15370000000","-51.92960000000","...","...","...","...","...","...","...","...","...","...","..."
"Santa Clara do Sul","4316758","-29.47469999999","-52.08429999999","...","...","...","...","...","...","...","...","...","...","..."
"Santa Cruz do Sul","4316808","-29.72200000000","-52.4343","714","774","841","882","901","1.139","1.083","1.081","964","868","638"
"Santa Margarida do Sul","4316972","-30.32959999999","-54.08229999999","...","...","...","...","...","...","...","...","...","...","..."
"Santa Maria","4316907","-29.68680000000","-53.81499999999","2.100","2.138","1.997","2.077","2.203","2.078","2.090","2.231","2.272","2.249","1.740"
"Santa Maria do Herval","4316956","-29.49020000000","-50.99190000000","...","...","...","...","...","...","...","...","...","...","..."
"Santa Rosa","4317202","-27.87020000000","-54.47959999999","199","316","337","207","312","321","315","338","330","265","217"
"Santa Tereza","4317251","-29.16550000000","-51.73510000000","...","...","...","...","...","...","...","...","...","...","..."
"Santa Vitória do Palmar","4317301","-33.52499999999","-53.37169999999","4","0","0","42","18","23","14","24","17","37","34"
"Santana da Boa Vista","4317004","-30.86970000000","-53.10999999999","...","...","...","...","...","...","...","...","...","...","..."
"Santana do Livramento","4317103","-30.88769999999","-55.53150000000","132","114","79","91","118","51","171","144","180","131","96"
"Santiago","4317400","-29.18969999999","-54.86659999999","185","191","189","207","173","167","180","242","189","198","196"
"Santo Ângelo","4317509","-28.3001","-54.26680000000","465","733","527","499","365","474","460","290","452","648","251"
"Santo Antônio da Patrulha","4317608","-29.82679999999","-50.51749999999","0","0","0","0","8","7","6","12","8","7","14"
"Santo Antônio das Missões","4317707","-28.51399999999","-55.22509999999","...","...","...","...","...","...","...","...","...","...","..."
"Santo Antônio do Palma","4317558","-28.4956","-52.02669999999","...","...","...","...","...","...","...","...","...","...","..."
"Santo Antônio do Planalto","4317756","-28.40309999999","-52.69919999999","...","...","...","...","...","...","...","...","...","...","..."
"Santo Augusto","4317806","-27.85259999999","-53.7776","0","17","28","33","36","36","43","7","24","23","29"
"Santo Cristo","4317905","-27.8263","-54.66199999999","...","...","...","...","...","...","...","...","...","...","..."
"Santo Expedito do Sul","4317954","-27.90739999999","-51.64330000000","...","...","...","...","...","...","...","...","...","...","..."
"São Borja","4318002","-28.65780000000","-56.00359999999","172","205","96","64","103","66","99","118","138","134","63"
"São Domingos do Sul","4318051","-28.53119999999","-51.88600000000","...","...","...","...","...","...","...","...","...","...","..."
"São Francisco de Assis","4318101","-29.5547","-55.12530000000","...","...","...","...","...","...","...","...","...","...","..."
"São Francisco de Paula","4318200","-29.4404","-50.58279999999","9","1","23","20","7","3","13","25","12","22","7"
"São Gabriel","4318309","-30.3337","-54.3217","135","126","102","76","113","35","101","89","111","62","56"
"São Jerônimo","4318408","-29.97159999999","-51.72509999999","67","112","104","74","98","115","59","82","111","89","85"
"São João da Urtiga","4318424","-27.81950000000","-51.82569999999","...","...","...","...","...","...","...","...","...","...","..."
"São João do Polêsine","4318432","-29.61939999999","-53.44389999999","...","...","...","...","...","...","...","...","...","...","..."
"São Jorge","4318440","-28.4984","-51.70640000000","...","...","...","...","...","...","...","...","...","...","..."
"São José das Missões","4318457","-27.7789","-53.12259999999","...","...","...","...","...","...","...","...","...","...","..."
"São José do Herval","4318465","-29.052","-52.29500000000","...","...","...","...","...","...","...","...","...","...","..."
"São José do Hortêncio","4318481","-29.52799999999","-51.24500000000","...","...","...","...","...","...","...","...","...","...","..."
"São José do Inhacorá","4318499","-27.72510000000","-54.12749999999","...","...","...","...","...","...","...","...","...","...","..."
"São José do Norte","4318507","-32.01509999999","-52.03309999999","...","...","...","...","...","...","...","...","...","...","..."
"São José do Ouro","4318606","-27.77070000000","-51.59660000000","...","...","...","...","...","...","...","...","...","...","..."
"São José do Sul","4318614","-29.529","-51.48709999999","...","...","...","...","...","...","...","...","...","...","..."
"São José dos Ausentes","4318622","-28.74759999999","-50.06770000000","...","...","...","...","...","...","...","...","...","...","..."
"São Leopoldo","4318705","-29.7545","-51.14979999999","1.571","1.378","1.250","1.193","1.221","1.183","1.367","1.265","1.268","1.149","791"
"São Lourenço do Sul","4318804","-31.35640000000","-51.97149999999","0","0","10","15","10","8","8","10","13","23","9"
"São Luiz Gonzaga","4318903","-28.41199999999","-54.9559","48","16","29","52","43","45","57","44","92","62","53"
"São Marcos","4319000","-28.96770000000","-51.06960000000","...","...","...","0","0","0","0","0","4","10","6"
"São Martinho","4319109","-27.71120000000","-53.96990000000","...","...","...","...","...","...","...","...","...","...","..."
"São Martinho da Serra","4319125","-29.5397","-53.85900000000","...","...","...","...","...","...","...","...","...","...","..."
"São Miguel das Missões","4319158","-28.55600000000","-54.55590000000","...","...","...","...","...","...","...","...","...","...","..."
"São Nicolau","4319208","-28.18339999999","-55.2654","...","...","...","...","...","...","...","...","...","...","..."
"São Paulo das Missões","4319307","-28.01950000000","-54.94039999999","0","0","0","0","45","33","16","105","3","0","..."
"São Pedro da Serra","4319356","-29.4193","-51.51339999999","...","...","...","...","...","...","...","...","...","...","..."
"São Pedro das Missões","4319364","-27.77321999999","-53.25047","...","...","...","...","...","...","...","...","...","...","..."
"São Pedro do Butiá","4319372","-28.12430000000","-54.89260000000","...","...","...","...","...","...","...","...","...","...","..."
"São Pedro do Sul","4319406","-29.62020000000","-54.18549999999","...","...","...","...","...","...","...","...","...","...","..."
"São Sebastião do Caí","4319505","-29.5885","-51.37489999999","23","24","55","81","75","64","91","70","70","55","52"
"São Sepé","4319604","-30.16430000000","-53.56029999999","...","...","...","...","...","...","...","...","...","...","..."
"São Valentim","4319703","-27.55829999999","-52.52369999999","...","...","...","...","...","...","...","...","...","...","..."
"São Valentim do Sul","4319711","-29.04510000000","-51.7684","...","...","...","...","...","...","...","...","...","...","..."
"São Valério do Sul","4319737","-27.79060000000","-53.93679999999","...","...","...","...","...","...","...","...","...","...","..."
"São Vendelino","4319752","-29.37290000000","-51.3675","...","...","...","...","...","...","...","...","...","...","..."
"São Vicente do Sul","4319802","-29.68819999999","-54.68260000000","0","6","11","32","43","34","14","48","17","99","2"
"Sapiranga","4319901","-29.63489999999","-51.00650000000","...","...","...","...","...","...","...","...","...","...","..."
"Sapucaia do Sul","4320008","-29.8276","-51.14500000000","44","5","1","3","29","27","19","15","20","28","7"
"Sarandi","4320107","-27.942","-52.92309999999","41","18","38","50","69","65","68","59","71","34","61"
"Seberi","4320206","-27.48290000000","-53.4026","...","...","...","...","...","...","...","...","...","...","..."
"Sede Nova","4320230","-27.63670000000","-53.94930000000","...","...","...","...","...","...","...","...","...","...","..."
"Segredo","4320263","-29.3523","-52.97670000000","...","...","...","...","...","...","...","...","...","...","..."
"Selbach","4320305","-28.6294","-52.94980000000","...","...","...","...","...","...","...","...","...","...","..."
"Senador Salgado Filho","4320321","-28.02500000000","-54.55069999999","...","...","...","...","...","...","...","...","...","...","..."
"Sentinela do Sul","4320354","-30.61070000000","-51.58619999999","...","...","...","...","...","...","...","...","...","...","..."
"Serafina Corrêa","4320404","-28.71259999999","-51.93529999999","...","...","...","...","...","...","...","...","...","...","..."
"Sério","4320453","-29.3904","-52.26850000000","...","...","...","...","...","...","...","...","...","...","..."
"Sertão","4320503","-27.97980000000","-52.25880000000","0","3","24","27","30","41","74","60","57","22","55"
"Sertão Santana","4320552","-30.45619999999","-51.60170000000","...","...","...","...","...","...","...","...","...","...","..."
"Sete de Setembro","4320578","-28.13619999999","-54.46370000000","...","...","...","...","...","...","...","...","...","...","..."
"Severiano de Almeida","4320602","-27.43619999999","-52.12169999999","...","...","...","...","...","...","...","...","...","...","..."
"Silveira Martins","4320651","-29.64669999999","-53.59100000000","0","0","18","38","25","16","27","0","...","...","..."
"Sinimbu","4320677","-29.53569999999","-52.53050000000","...","...","...","...","...","...","...","...","...","...","..."
"Sobradinho","4320701","-29.4194","-53.03260000000","11","25","27","33","36","35","47","38","32","41","13"
"Soledade","4320800","-28.8306","-52.51310000000","52","41","93","59","84","88","57","74","83","74","54"
"Tabaí","4320859","-29.64300000000","-51.68229999999","...","...","...","...","...","...","...","...","...","...","..."
"Tapejara","4320909","-28.06520000000","-52.00970000000","0","0","22","3","1","21","6","21","10","21","..."
"Tapera","4321006","-28.62770000000","-52.86119999999","...","...","...","...","...","...","...","...","...","...","..."
"Tapes","4321105","-30.66829999999","-51.39909999999","2","3","7","5","7","5","2","5","4","2","1"
"Taquara","4321204","-29.65050000000","-50.77530000000","170","126","111","123","167","168","202","168","186","175","143"
"Taquari","4321303","-29.7943","-51.86529999999","...","...","...","...","...","...","...","...","...","...","..."
"Taquaruçu do Sul","4321329","-27.40040000000","-53.47030000000","...","...","...","...","...","...","...","...","...","...","..."
"Tavares","4321352","-31.28430000000","-51.08800000000","...","...","...","...","...","...","...","...","...","...","..."
"Tenente Portela","4321402","-27.37109999999","-53.75849999999","...","...","...","...","...","...","...","...","...","...","..."
"Terra de Areia","4321436","-29.57819999999","-50.06439999999","...","...","...","...","...","...","...","...","...","...","..."
"Teutônia","4321451","-29.4482","-51.80440000000","...","...","...","...","...","...","...","...","...","...","..."
"Tio Hugo","4321469","-28.57404","-52.59490000000","...","...","...","...","...","...","...","...","...","...","..."
"Tiradentes do Sul","4321477","-27.40220000000","-54.08140000000","...","...","...","...","...","...","...","...","...","...","..."
"Toropi","4321493","-29.47820000000","-54.22440000000","...","...","...","...","...","...","...","...","...","...","..."
"Torres","4321501","-29.33340000000","-49.7333","198","284","189","198","142","140","169","201","263","238","233"
"Tramandaí","4321600","-29.98410000000","-50.13219999999","...","...","...","...","0","0","0","4","19","31","21"
"Travesseiro","4321626","-29.29769999999","-52.05319999999","...","...","...","...","...","...","...","...","...","...","..."
"Três Arroios","4321634","-27.50029999999","-52.14479999999","...","...","...","...","...","...","...","...","...","...","..."
"Três Cachoeiras","4321667","-29.44869999999","-49.92750000000","...","...","...","...","...","...","...","...","...","...","..."
"Três Coroas","4321709","-29.5137","-50.77389999999","...","...","...","...","...","...","...","...","...","...","..."
"Três de Maio","4321808","-27.78000000000","-54.23570000000","136","56","109","76","120","102","110","114","125","99","57"
"Três Forquilhas","4321832","-29.53839999999","-50.07079999999","...","...","...","...","...","...","...","...","...","...","..."
"Três Palmeiras","4321857","-27.61390000000","-52.84369999999","...","...","...","...","...","...","...","...","...","...","..."
"Três Passos","4321907","-27.45550000000","-53.92960000000","41","17","32","36","37","41","38","47","37","46","47"
"Trindade do Sul","4321956","-27.52390000000","-52.89560000000","...","...","...","...","...","...","...","...","...","...","..."
"Triunfo","4322004","-29.92909999999","-51.70750000000","...","...","...","...","...","...","...","...","...","...","..."
"Tucunduva","4322103","-27.65729999999","-54.44389999999","...","...","...","...","...","...","...","...","...","...","..."
"Tunas","4322152","-29.10389999999","-52.95380000000","...","...","...","...","...","...","...","...","...","...","..."
"Tupanci do Sul","4322186","-27.92409999999","-51.5383","...","...","...","...","...","...","...","...","...","...","..."
"Tupanciretã","4322202","-29.08579999999","-53.84449999999","...","...","...","...","...","...","...","...","...","...","..."
"Tupandi","4322251","-29.4772","-51.41740000000","...","...","...","...","...","...","...","...","...","...","..."
"Tuparendi","4322301","-27.75979999999","-54.48140000000","...","...","...","...","...","...","...","...","...","...","..."
"Turuçu","4322327","-31.41730000000","-52.1706","...","...","...","...","...","...","...","...","...","...","..."
"Ubiretama","4322343","-28.04040000000","-54.68589999999","...","...","...","...","...","...","...","...","...","...","..."
"União da Serra","4322350","-28.78330000000","-52.02380000000","...","...","...","...","...","...","...","...","...","...","..."
"Unistalda","4322376","-29.03999999999","-55.15169999999","...","...","...","...","...","...","...","...","...","...","..."
"Uruguaiana","4322400","-29.76139999999","-57.08529999999","227","119","136","121","98","128","132","135","133","92","165"
"Vacaria","4322509","-28.50789999999","-50.94180000000","63","114","111","112","146","82","73","99","95","56","70"
"Vale do Sol","4322533","-29.59669999999","-52.68390000000","...","...","...","...","...","...","...","...","...","...","..."
"Vale Real","4322541","-29.3919","-51.25589999999","...","...","...","...","...","...","...","...","...","...","..."
"Vale Verde","4322525","-29.7864","-52.18569999999","...","...","...","...","...","...","...","...","...","...","..."
"Vanini","4322558","-28.4758","-51.84470000000","...","...","...","...","...","...","...","...","...","...","..."
"Venâncio Aires","4322608","-29.6143","-52.19319999999","24","31","47","15","19","37","39","43","33","22","20"
"Vera Cruz","4322707","-29.71839999999","-52.5152","...","...","...","...","...","...","...","...","...","...","..."
"Veranópolis","4322806","-28.9312","-51.55160000000","0","0","0","0","0","9","1","...","0","0","0"
"Vespasiano Correa","4322855","-29.0655","-51.86250000000","...","...","...","...","...","...","...","...","...","...","..."
"Viadutos","4322905","-27.5716","-52.02109999999","...","...","...","...","...","...","...","...","...","...","..."
"Viamão","4323002","-30.08190000000","-51.01939999999","5","0","1","...","...","...","...","0","0","18","5"
"Vicente Dutra","4323101","-27.16079999999","-53.40220000000","...","...","...","...","...","...","...","...","...","...","..."
"Victor Graeff","4323200","-28.56319999999","-52.74949999999","...","...","...","...","...","...","...","...","...","...","..."
"Vila Flores","4323309","-28.8598","-51.55040000000","...","...","...","...","...","...","...","...","...","...","..."
"Vila Lângaro","4323358","-28.10620000000","-52.14379999999","...","...","...","...","...","...","...","...","...","...","..."
"Vila Maria","4323408","-28.53590000000","-52.14869999999","...","...","...","...","...","...","...","...","...","...","..."
"Vila Nova do Sul","4323457","-30.3461","-53.87599999999","...","...","...","...","...","...","...","...","...","...","..."
"Vista Alegre","4323507","-27.36860000000","-53.49190000000","...","...","...","...","...","...","...","...","...","...","..."
"Vista Alegre do Prata","4323606","-28.80519999999","-51.79460000000","...","...","...","...","...","...","...","...","...","...","..."
"Vista Gaúcha","4323705","-27.29019999999","-53.69740000000","...","...","...","...","...","...","...","...","...","...","..."
"Vitória das Missões","4323754","-28.35160000000","-54.50399999999","...","...","...","...","...","...","...","...","...","...","..."
"Westfalia","4323770","-29.37440000000","-51.74629999999","...","...","...","...","...","...","...","...","...","...","..."
"Xangri-lá","4323804","-29.8065","-50.05190000000","...","...","...","...","...","...","...","...","...","...","..."
